Ephemeral,"Lasting for a very short time.","The joy of the vibrant sunset was ephemeral, as darkness quickly enveloped the sky."
Ubiquitous,"Present, appearing, or found everywhere.","Coffee shops have become ubiquitous in most major cities."
Serendipity,"The occurrence of events by chance in a happy or beneficial way.","Discovering the rare book in the dusty old shop was a moment of pure serendipity."
Quintessential,"Representing the most perfect or typical example of a quality or class.","Apple pie is often considered the quintessential American dessert."
Mellifluous,"(Of a voice or words) sweet or musical; pleasant to hear.","The opera singer's mellifluous voice captivated the entire audience."
Ineffable,"Too great or extreme to be expressed or described in words.","The view from the mountain top was a scene of ineffable beauty."
Resilience,"The capacity to recover quickly from difficulties; toughness.","Despite numerous setbacks, her resilience allowed her to achieve her goals."
Luminous,"Emitting or reflecting light, shining.","The full moon was luminous in the clear night sky."
Sonder,"The realization that each random passerby is living a life as vivid and complex as your own.","A wave of sonder washed over him as he watched the bustling crowd from his window."
Petrichor,"The pleasant, earthy smell after rain.","The air was filled with the refreshing petrichor following the summer shower."
Supine,"Lying flat on one's back.","He lay supine on the grass, gazing up at the clouds."
Incandescent,"Emitting light as a result of being heated.","The blacksmith pulled the incandescent metal from the forge."
Nebulous,"In the form of a cloud or haze; hazy.","She had only a nebulous idea of what she wanted to do after graduation."
Ethereal,"Extremely delicate and light in a way that seems too perfect for this world.","The ballerina's movements were so graceful they seemed ethereal."
Cacophony,"A harsh, discordant mixture of sounds.","The cacophony of city traffic was overwhelming to the small-town visitor."
Ambivalence,"The state of having mixed feelings or contradictory ideas about something or someone.","She felt a strong ambivalence about accepting the new job offer."
Panacea,"A solution or remedy for all difficulties or diseases.","Many people wish for a panacea for the world's problems, but solutions are rarely that simple."
Elixir,"A magical or medicinal potion.","The old man in the story searched for an elixir of eternal youth."
Conundrum,"A confusing and difficult problem or question.","How to solve the budget crisis remains a difficult conundrum for the council."
Juxtaposition,"The fact of two things being seen or placed close together with contrasting effect.","The juxtaposition of old and new architecture in the city was striking."
Myriad,"A countless or extremely great number.","There are a myriad of stars visible in the night sky on a clear evening."
Susurrus,"Whispering, murmuring, or rustling.","The only sound was the gentle susurrus of the leaves in the breeze."
Zephyr,"A soft gentle breeze.","A light zephyr rustled the curtains on the warm afternoon."
Halcyon,"Denoting a period of time in the past that was idyllically happy and peaceful.","She often reminisced about the halcyon days of her childhood summers."
Idyllic,"Extremely happy, peaceful, or picturesque.","They found an idyllic cottage nestled in the countryside."
Gregarious,"(Of a person) fond of company; sociable.","His gregarious nature made him the life of every party."
Fastidious,"Very attentive to and concerned about accuracy and detail.","The fastidious editor checked every comma and period in the manuscript."
Bucolic,"Relating to the pleasant aspects of the countryside and country life.","The painting depicted a bucolic scene of shepherds and their flocks."
Effervescent,"Vivacious and enthusiastic.","Her effervescent personality brightened up any room she entered."
Profound,"Very great or intense; having or showing great knowledge or insight.","The philosopher shared many profound insights about the nature of existence."
Sagacious,"Having or showing keen mental discernment and good judgment; wise.","The sagacious leader made decisions that benefited everyone in the long run."
Tenacious,"Tending to keep a firm hold of something; clinging or adhering closely.","The tenacious reporter wouldn't give up until she got the full story."
Venerable,"Accorded a great deal of respect, especially because of age, wisdom, or character.","The venerable professor had taught at the university for over fifty years."
Astute,"Having or showing an ability to accurately assess situations or people and turn this to one's advantage.","The astute businessman quickly recognized a valuable opportunity."
Capricious,"Given to sudden and unaccountable changes of mood or behavior.","The capricious weather changed from sunny to stormy in minutes."
Diligent,"Having or showing care and conscientiousness in one's work or duties.","The diligent student always completed her homework on time."
Exquisite,"Extremely beautiful and delicate.","She wore an exquisite diamond necklace to the gala."
Forbearance,"Patient self-control; restraint and tolerance.","He showed great forbearance in dealing with the difficult customer."
Eloquent,"Fluent or persuasive in speaking or writing.","The politician delivered an eloquent speech that moved the audience."
Garrulous,"Excessively talkative, especially on trivial matters.","My garrulous neighbor can talk for hours about anything and everything."
Hapless,"(Especially of a person) unfortunate.","The hapless tourist lost his passport and wallet on the first day of his vacation."
Immutable,"Unchanging over time or unable to be changed.","The laws of physics are considered immutable."
Jovial,"Cheerful and friendly.","The jovial host welcomed everyone with a warm smile."
Keen,"Having or showing eagerness or enthusiasm.","She had a keen interest in learning new languages."
Laconic,"(Of a person, speech, or style of writing) using very few words.","His laconic reply consisted of a single, 'Yes.'"
Magnanimous,"Generous or forgiving, especially toward a rival or less powerful person.","The magnanimous victor congratulated his defeated opponent."
Nefarious,"(Typically of an action or activity) wicked or criminal.","The supervillain hatched a nefarious plot to take over the world."
Oblivion,"The state of being unaware or unconscious of what is happening.","He drank himself into oblivion after hearing the bad news."
Pragmatic,"Dealing with things sensibly and realistically in a way that is based on practical rather than theoretical considerations.","Her pragmatic approach to problem-solving was highly effective."
Quixotic,"Exceedingly idealistic; unrealistic and impractical.","His quixotic quest to end all conflict was admirable but ultimately futile."
Rambunctious,"Uncontrollably exuberant; boisterous.","The rambunctious children were running and shouting in the playground."
Salient,"Most noticeable or important.","The salient point of his argument was that the current plan was too expensive."
Taciturn,"(Of a person) reserved or uncommunicative in speech; saying little.","The taciturn farmer rarely spoke, but his actions showed his kindness."
Unctuous,"Excessively flattering or ingratiating; oily.","The unctuous salesman tried too hard to win their trust."
Voracious,"Wanting or devouring great quantities of food; having a very eager approach to an activity.","He was a voracious reader, often finishing several books a week."
Wistful,"Having or showing a feeling of vague or regretful longing.","She cast a wistful glance at the old photograph."
Aplomb,"Self-confidence or assurance, especially when in a demanding situation.","She handled the difficult questions from the press with great aplomb."
Benevolent,"Well meaning and kindly.","The benevolent queen was loved by all her subjects for her kindness."
Candor,"The quality of being open and honest in expression; frankness.","I appreciate your candor in this difficult situation."
Demure,"(Of a woman or her behavior) reserved, modest, and shy.","She was demure and quiet, often blushing when spoken to."
Ebullient,"Cheerful and full of energy.","The ebullient crowd cheered wildly as their team scored the winning goal."
Facetious,"Treating serious issues with deliberately inappropriate humor; flippant.","His facetious remarks were not appreciated during the serious discussion."
Genteel,"Polite, refined, or respectable, often in an affected or ostentatious way.","They lived a genteel life in their elegant country manor."
Histrionic,"Overly theatrical or melodramatic in character or style.","Her histrionic reaction to the minor setback was quite unnecessary."
Impeccable,"(Of behavior, performance, or appearance) in accordance with the highest standards of propriety; faultless.","His impeccable manners impressed everyone at the dinner party."
Jubilant,"Feeling or expressing great happiness and triumph.","The jubilant fans celebrated their team's championship victory all night."
Kismet,"Destiny; fate.","It felt like kismet when they met again years later on the other side of the world."
Languid,"(Of a person, manner, or gesture) displaying or having a disinclination for physical exertion or effort; slow and relaxed.","He stretched with a languid movement after his long nap."
Meticulous,"Showing great attention to detail; very careful and precise.","The meticulous artist spent weeks perfecting every detail of her painting."
Nonchalant,"(Of a person or manner) feeling or appearing casually calm and relaxed; not displaying anxiety, interest, or enthusiasm.","She tried to appear nonchalant despite the nervousness she felt."
Opulent,"Ostentatiously rich and luxurious or lavish.","They hosted an opulent banquet in their grand mansion."
Pensive,"Engaged in, involving, or reflecting deep or serious thought.","She looked pensive as she stared out the window, lost in her thoughts."
Querulous,"Complaining in a petulant or whining manner.","The querulous child whined about every little thing."
Reticent,"Not revealing one's thoughts or feelings readily.","He was very reticent about his past experiences."
Sanguine,"Optimistic or positive, especially in an apparently bad or difficult situation.","Despite the challenges, she remained sanguine about their chances of success."
Trepidation,"A feeling of fear or agitation about something that may happen.","He approached the haunted house with considerable trepidation."
Ubiquity,"The state of being everywhere at once (or seeming to be).","The ubiquity of social media has changed how we communicate."
Vacillate,"Alternate or waver between different opinions or actions; be indecisive.","He tended to vacillate when faced with important decisions."
Whimsical,"Playfully quaint or fanciful, especially in an appealing and amusing way.","The children's book was filled with whimsical illustrations of talking animals."
Zenith,"The time at which something is most powerful or successful.","The empire reached its zenith in the 19th century."
Abhor,"Regard with disgust and hatred.","Most people abhor violence and cruelty."
Bellicose,"Demonstrating aggression and willingness to fight.","The bellicose nation was constantly threatening its neighbors."
Circumlocution,"The use of many words where fewer would do, especially in a deliberate attempt to be vague or evasive.","He used a great deal of circumlocution to avoid answering the direct question."
Disparate,"Essentially different in kind; not allowing comparison.","The focus group was made up of people with disparate backgrounds and opinions."
Enervate,"Cause (someone) to feel drained of energy or vitality; weaken.","The extreme heat began to enervate the marathon runners."
Fortuitous,"Happening by accident or chance rather than design.","Their fortuitous meeting at the conference led to a lifelong friendship."
Idiosyncrasy,"A mode of behavior or way of thought peculiar to an individual.","One of his little idiosyncrasies was always wearing mismatched socks."
Insidious,"Proceeding in a gradual, subtle way, but with harmful effects.","The insidious disease spread slowly and unnoticed for many years."
Loquacious,"Tending to talk a great deal; talkative.","The loquacious taxi driver chatted nonstop during the entire journey."
Nadir,"The lowest point in the fortunes of a person or organization.","The company reached its nadir during the economic recession."
Parsimonious,"Unwilling to spend money or use resources; stingy or frugal.","The parsimonious old man counted every penny."
Recalcitrant,"Having an obstinately uncooperative attitude toward authority or discipline.","The recalcitrant teenager refused to follow any of the school rules."
Sycophant,"A person who acts obsequiously toward someone important in order to gain advantage.","The king was surrounded by sycophants who agreed with everything he said."
Vicarious,"Experienced in the imagination through the feelings or actions of another person.","She derived vicarious pleasure from her daughter's success."
Aberration,"A departure from what is normal, usual, or expected, typically an unwelcome one.","The single poor grade was an aberration in her otherwise perfect academic record."
Bombastic,"High-sounding but with little meaning; inflated.","The politician's bombastic speech was full of empty promises."
Clandestine,"Kept secret or done secretively, especially because illicit.","They held a clandestine meeting to discuss their plans."
Draconian,"(Of laws or their application) excessively harsh and severe.","The new draconian laws imposed heavy penalties for minor offenses."
Exacerbate,"Make (a problem, bad situation, or negative feeling) worse.","His sarcastic comments only served to exacerbate the tension in the room."
Gauche,"Lacking ease or grace; unsophisticated and socially awkward.","His gauche attempt at a compliment made her feel uncomfortable."
Iconoclast,"A person who attacks cherished beliefs or institutions.","The artist was an iconoclast who challenged traditional forms of expression."
Inundate,"Overwhelm (someone) with things or people to be dealt with.","After the announcement, they were inundated with requests for interviews."
Malaise,"A general feeling of discomfort, illness, or uneasiness whose exact cause is difficult to identify.","A sense of malaise settled over the town after the factory closed."
Obfuscate,"Render obscure, unclear, or unintelligible.","The politician tried to obfuscate the issue with confusing jargon."
Pernicious,"Having a harmful effect, especially in a gradual or subtle way.","The pernicious influence of misinformation can be very damaging."
Redolent,"Strongly reminiscent or suggestive of (something).","The old house was redolent of his grandmother's baking."
Temerity,"Excessive confidence or boldness; audacity.","He had the temerity to question the expert's opinion."
Untenable,"(Especially of a position or view) not able to be maintained or defended against attack or objection.","His argument was untenable and quickly fell apart under scrutiny."
Veracity,"Conformity to facts; accuracy.","The journalist prided herself on the veracity of her reports."
Acumen,"The ability to make good judgments and quick decisions, typically in a particular domain.","Her business acumen helped her turn the small shop into a thriving enterprise."
Brevity,"Concise and exact use of words in writing or speech.","The brevity of his speech was appreciated by the busy audience."
Coalesce,"Come together and form one mass or whole.","The small groups of protesters began to coalesce into a large unified demonstration."
Deferential,"Showing deference; respectful.","He adopted a deferential tone when speaking to his elders."
Enfranchise,"Give the right to vote to.","The new law will enfranchise a larger portion of the population."
Impetuous,"Acting or done quickly and without thought or care.","His impetuous decision to quit his job had serious financial consequences."
Intrepid,"Fearless; adventurous (often used for rhetorical or humorous effect).","The intrepid explorer ventured deep into the uncharted jungle."
Maladroit,"Inefficient or clumsy; bungling.","His maladroit attempts to fix the leaking faucet only made it worse."
Obsequious,"Obedient or attentive to an excessive or servile degree.","The obsequious assistant catered to his boss's every whim."
Plethora,"A large or excessive amount of (something).","There was a plethora of food options at the buffet."
Repudiate,"Refuse to accept or be associated with.","She had to repudiate the false accusations made against her."
Stoic,"A person who can endure pain or hardship without showing their feelings or complaining.","Despite his injury, he remained stoic and didn't complain."
Truncate,"Shorten (something) by cutting off the top or the end.","The article had to be truncated to fit the available space."
Usurp,"Take (a position of power or importance) illegally or by force.","The rebel leader attempted to usurp the king's throne."
Vilify,"Speak or write about in an abusively disparaging manner.","The press began to vilify the politician after the scandal broke."
Alacrity,"Brisk and cheerful readiness.","She accepted the new challenge with alacrity."
Burgeon,"Begin to grow or increase rapidly; flourish.","The tech industry in that region began to burgeon with new startups."
Convivial,"(Of an atmosphere or event) friendly, lively, and enjoyable.","The dinner party had a convivial atmosphere, full of laughter and good conversation."
Didactic,"Intended to teach, particularly in having moral instruction as an ulterior motive.","The children's story had a didactic message about the importance of sharing."
Harangue,"A lengthy and aggressive speech.","The disappointed coach delivered a harangue to his team after their poor performance."
Incognito,"(Of a person) having one's true identity concealed.","The celebrity tried to go incognito by wearing a hat and sunglasses."
Juxtapose (verb form),"Place or deal with close together for contrasting effect.","The artist chose to juxtapose bright colors with dark shadows in her painting."
Kudos,"Praise and honor received for an achievement.","She received kudos from her colleagues for her excellent presentation."
Lurid,"Very vivid in color, especially so as to create an unpleasantly harsh or unnatural effect.","The tabloid newspaper published lurid details of the celebrity's private life."
Maverick,"An unorthodox or independent-minded person.","He was a maverick in his field, often challenging conventional wisdom."
Nostalgia,"A sentimental longing or wistful affection for the past.","Listening to the old songs filled her with a sense of nostalgia."
Ostracize,"Exclude (someone) from a society or group.","He was ostracized by his former friends after the disagreement."
Paradigm,"A typical example or pattern of something; a model.","The discovery of DNA created a new paradigm in the field of biology."
Quagmire,"A soft boggy area of land that gives way underfoot; an awkward, complex, or hazardous situation.","The political negotiations had become a hopeless quagmire."
Ruminate,"Think deeply about something.","He liked to ruminate on the meaning of life while walking in nature."
Scintillating,"Sparkling or shining brightly; brilliantly and excitingly clever or skillful.","She delivered a scintillating performance that dazzled the audience."
Tenuous,"Very weak or slight.","He had only a tenuous grasp of the complex subject."
Vehement,"Showing strong feeling; forceful, passionate, or intense.","She made a vehement denial of the accusations against her."
Wane,"(Of the moon) have a progressively smaller part of its visible surface illuminated, so that it appears to decrease in size. (Figuratively) decrease in vigor or extent.","His enthusiasm for the project began to wane after several months."
Yearn,"Have an intense feeling of longing for something, typically something that one has lost or been separated from.","She yearned for the carefree days of her youth."
Zeitgeist,"The defining spirit or mood of a particular period of history as shown by the ideas and beliefs of the time.","The fashion and music of the 1960s perfectly captured the zeitgeist of that era."
Anachronism,"A thing belonging or appropriate to a period other than that in which it exists, especially a thing that is conspicuously old-fashioned.","His use of a quill pen in the modern office felt like an anachronism."
Banal,"So lacking in originality as to be obvious and boring.","The plot of the movie was banal and predictable."
Catalyst,"A substance that increases the rate of a chemical reaction without itself undergoing any permanent chemical change; a person or thing that precipitates an event.","The invention of the printing press was a catalyst for the spread of knowledge."
Debacle,"A sudden and ignominious failure; a fiasco.","The poorly planned festival turned into a complete debacle."
Egregious,"Outstandingly bad; shocking.","His egregious error cost the company millions of dollars."
Fatuous,"Silly and pointless.","She dismissed his fatuous comments with a wave of her hand."
Glib,"(Of words or the person speaking them) fluent and voluble but insincere and shallow.","His glib excuses didn't fool anyone."
Hypocrisy,"The practice of claiming to have moral standards or beliefs to which one's own behavior does not conform; pretense.","It was sheer hypocrisy for him to preach about honesty when he was known to lie."
Inane,"Silly; stupid.","They spent the afternoon making inane jokes and laughing."
Jargon,"Special words or expressions that are used by a particular profession or group and are difficult for others to understand.","The legal document was full of confusing jargon."
Limpid,"(Of a liquid) free of anything that darkens; completely clear. (Of a person's eyes) unclouded; clear. (Of a style of writing or music) clear and accessible or melodious.","The limpid waters of the mountain lake were breathtaking."
Munificent,"(Of a gift or sum of money) larger or more generous than is usual or necessary.","The philanthropist made a munificent donation to the local hospital."
Omniscient,"Knowing everything.","The narrator of the story was omniscient, aware of all the characters' thoughts and feelings."
Palpable,"Able to be touched or felt; (especially of a feeling or atmosphere) so intense as to seem almost tangible.","The tension in the room was palpable as they waited for the results."
Quotidian,"Of or occurring every day; daily.","She found beauty in the simple, quotidian routines of her life."
Rapport,"A close and harmonious relationship in which the people or groups concerned understand each other's feelings or ideas and communicate well.","The teacher quickly established a good rapport with her students."
Salubrious,"Health-giving; healthy.","The fresh mountain air had a salubrious effect on his well-being."
Tantamount,"Equivalent in seriousness to; virtually the same as.","His silence was tantamount to an admission of guilt."
Unilateral,"(Of an action or decision) performed by or affecting only one person, group, or country involved in a particular situation, without the agreement of another or the others.","The government made a unilateral decision without consulting the opposition."
Verbose,"Using or expressed in more words than are needed.","His verbose explanation was difficult to follow."
Wily,"Skilled at gaining an advantage, especially deceitfully.","The wily fox managed to outsmart the hunters."
Xenophobia,"Dislike of or prejudice against people from other countries.","Xenophobia can lead to discrimination and conflict."
Yield,"Produce or provide (a natural, agricultural, or industrial product); give way to arguments, demands, or pressure.","The fertile land was expected to yield a good harvest."
Zany,"Amusingly unconventional and idiosyncratic.","The zany comedian had the audience in stitches with his absurd antics."
Adept,"Very skilled or proficient at something.","She was adept at playing several musical instruments."
Bifurcate,"Divide into two branches or forks.","The river began to bifurcate into two smaller streams."
Cajole,"Persuade (someone) to do something by sustained coaxing or flattery.","He managed to cajole his friend into helping him with the difficult task."
Decimate,"Kill, destroy, or remove a large percentage or part of.","The disease threatened to decimate the local bird population."
Egalitarian,"Believing in or based on the principle that all people are equal and deserve equal rights and opportunities.","They strived to create a more egalitarian society."
Flummox,"Perplex (someone) greatly; bewilder.","The complicated instructions completely flummoxed him."
Garner,"Gather or collect (something, especially information or approval).","The film garnered several awards at the festival."
Hiatus,"A pause or gap in a sequence, series, or process.","The band announced they were taking a hiatus after their long tour."
Indelible,"(Of ink or a pen) making marks that cannot be removed. Not able to be forgotten or removed.","Her childhood experiences left an indelible mark on her character."
Jettison,"Abandon or discard (someone or something that is no longer wanted).","They had to jettison some of their cargo to lighten the overloaded ship."
Knell,"The sound of a bell, especially when rung solemnly for a death or funeral.","The mournful knell of the church bell echoed through the valley."
Lucid,"Expressed clearly; easy to understand.","She gave a lucid explanation of the complex scientific theory."
Moribund,"(Of a person) at the point of death. (Of a thing) in terminal decline; lacking vitality or vigor.","The moribund company was on the verge of bankruptcy."
Nascent,"(Especially of a process or organization) just coming into existence and beginning to display signs of future potential.","The nascent democracy still faced many challenges."
Onerous,"(Of a task, duty, or responsibility) involving an amount of effort and difficulty that is oppressively burdensome.","He found the task of sorting through all the old files particularly onerous."
Paucity,"The presence of something only in small or insufficient quantities or amounts; scarcity.","There was a paucity of evidence to support his claim."
Relegate,"Consign or dismiss to an inferior rank or position.","After the mistake, he was relegated to a less important role in the company."
Sardonic,"Grimly mocking or cynical.","He replied with a sardonic smile that made her uneasy."
Terse,"Sparing in the use of words; abrupt.","His terse reply indicated he was not in a talkative mood."
Undulate,"Move with a smooth wavelike motion.","Fields of wheat began to undulate in the gentle breeze."
Vapid,"Offering nothing that is stimulating or challenging.","The conversation was vapid and uninteresting."
Wanton,"(Of a cruel or violent action) deliberate and unprovoked.","The vandals committed wanton acts of destruction in the park."
Yoke,"(Verb) to join together; (noun) a wooden crosspiece that is fastened over the necks of two animals and attached to the plow or cart that they are to pull.","The oxen were difficult to yoke to the heavy plow."
Zealot,"A person who is fanatical and uncompromising in pursuit of their religious, political, or other ideals.","The political zealot refused to consider any opposing viewpoints."
Affable,"Friendly, good-natured, or easy to talk to.","His affable manner made him popular with his colleagues."
Blithe,"Showing a casual and cheerful indifference considered to be callous or improper.","She continued to make blithe remarks despite the seriousness of the situation."
Callous,"Showing or having an insensitive and cruel disregard for others.","His callous disregard for her feelings was hurtful."
Dichotomy,"A division or contrast between two things that are or are represented as being opposed or entirely different.","There is often a dichotomy between what people say and what they actually do."
Emulate,"Match or surpass (a person or achievement), typically by imitation.","Many young artists try to emulate the style of their idols."
Flippant,"Not showing a serious or respectful attitude.","His flippant answer to the serious question was inappropriate."
Gusto,"Enjoyment or vigor in doing something; zest.","He ate his dinner with great gusto."
Haughty,"Arrogantly superior and disdainful.","Her haughty demeanor made her unpopular with her peers."
Indignant,"Feeling or showing anger or annoyance at what is perceived as unfair treatment.","She was indignant at the false accusations leveled against her."
Jocose,"Playful or humorous.","His jocose remarks lightened the mood during the tense meeting."
Kindred,"One's family and relations; similar in kind.","They felt like kindred spirits due to their shared love of music."
Lament,"A passionate expression of grief or sorrow.","The poem was a lament for his lost love."
Myopic,"Nearsighted; lacking imagination, foresight, or intellectual insight.","His myopic view of the situation prevented him from seeing the long-term consequences."
Noxious,"Harmful, poisonous, or very unpleasant.","The factory emitted noxious fumes into the atmosphere."
Opaque,"Not able to be seen through; not transparent.","The opaque curtains blocked out all the morning light."
Penchant,"A strong or habitual liking for something or tendency to do something.","She has a penchant for collecting antique jewelry."
Quell,"Put an end to (a rebellion or other disorder), typically by the use of force.","The authorities managed to quell the uprising."
Rescind,"Revoke, cancel, or repeal (a law, order, or agreement).","The company decided to rescind its earlier offer."
Spurious,"Not being what it purports to be; false or fake.","He made spurious claims about his qualifications."
Tirade,"A long, angry speech of criticism or accusation.","She launched into a tirade about the poor customer service."
Unfettered,"Unrestrained or uninhibited.","The artist enjoyed the unfettered freedom to create whatever she desired."
Vex,"Make (someone) feel annoyed, frustrated, or worried, especially with trivial matters.","His constant complaining started to vex his friends."
Wry,"Using or expressing dry, especially mocking, humor.","She made a wry comment about the absurdity of the situation."
Xeric,"(Of an environment or habitat) containing little moisture; very dry.","Cacti are well adapted to xeric environments."
Yearling,"An animal, especially a horse, that is a year old or in its second year.","The young yearling was still a bit unsteady on its feet."
Zest,"Great enthusiasm and energy.","She approached every new task with zest and determination."
Abate,"(Of something perceived as hostile, threatening, or negative) become less intense or widespread.","After a few hours, the storm began to abate."
Beguile,"Charm or enchant (someone), sometimes in a deceptive way.","He could beguile almost anyone with his smooth talk and charming smile."
Churlish,"Rude in a mean-spirited and surly way.","His churlish behavior at the party offended several guests."
Dogmatic,"Inclined to lay down principles as incontrovertibly true.","The dogmatic professor was unwilling to consider alternative theories."
Efficacy,"The ability to produce a desired or intended result.","The efficacy of the new drug was still being tested."
Flux,"The action or process of flowing or flowing out; continuous change.","The political situation was in a state of flux."
Hackneyed,"(Of a phrase or idea) lacking significance through having been overused; unoriginal and trite.","The movie was full of hackneyed plot twists and clich√©s."
Indolent,"Wanting to avoid activity or exertion; lazy.","The indolent cat spent most of its day napping in the sun."
Juggernaut,"A huge, powerful, and overwhelming force or institution.","The company became a juggernaut in the tech industry, crushing its competitors."
Kowtow,"Act in an excessively subservient manner.","He refused to kowtow to the demands of the unreasonable boss."
Lionize,"Give a lot of public attention and approval to (someone); treat as a celebrity.","The public began to lionize the young hero after his brave actions."
Maudlin,"Self-pityingly or tearfully sentimental, often through drunkenness.","He became maudlin after a few drinks and started talking about his past regrets."
Nuance,"A subtle difference in or shade of meaning, expression, or sound.","She was able to appreciate the subtle nuances in the artist's work."
Ordain,"Order or decree (something) officially.","The king chose to ordain a new law regarding land ownership."
Preclude,"Prevent from happening; make impossible.","His prior commitments will preclude him from attending the conference."
Rapscallion,"A mischievous person.","The old man affectionately called his grandson a little rapscallion."
Sophistry,"The use of fallacious arguments, especially with the intention of deceiving.","The politician's speech was full of clever sophistry designed to mislead the public."
Traverse,"Travel across or through.","They had to traverse a dense forest to reach their destination."
Upbraid,"Find fault with (someone); scold.","The manager had to upbraid the employee for repeated tardiness."
Visceral,"Relating to deep inward feelings rather than to the intellect.","Her reaction to the painting was visceral; it stirred emotions she couldn't explain."
Apex,"The top or highest part of something, especially one forming a point.","The climber finally reached the apex of the mountain."
Bolster,"Support or strengthen; prop up.","The new evidence helped to bolster his argument."
Cursory,"Hasty and therefore not thorough or detailed.","He gave the report only a cursory glance before signing it."
Duplicity,"Deceitfulness; double-dealing.","His duplicity was revealed when his conflicting stories came to light."
Endemic,"(Of a disease or condition) regularly found among particular people or in a certain area.","Malaria is endemic in many tropical regions."
Foment,"Instigate or stir up (an undesirable or violent sentiment or course of action).","The agitators tried to foment unrest among the workers."
Gesticulate,"Use gestures, especially dramatic ones, instead of speaking or to emphasize one's words.","He began to gesticulate wildly to make his point."
Impasse,"A situation in which no progress is possible, especially because of disagreement; a deadlock.","The negotiations reached an impasse, with neither side willing to compromise."
Insurgent,"A rebel or revolutionary.","The insurgent forces launched an attack on the capital city."
Latent,"(Of a quality or state) existing but not yet developed or manifest; hidden or concealed.","He discovered he had a latent talent for painting late in life."
Mitigate,"Make less severe, serious, or painful.","They took steps to mitigate the damage caused by the flood."
Notorious,"Famous for something bad.","The gangster was notorious for his ruthless tactics."
Paradox,"A seemingly absurd or self-contradictory statement or proposition that when investigated or explained may prove to be well founded or true.","It's a paradox that a country so rich in resources can have so much poverty."
Pithy,"(Of language or style) concise and forcefully expressive.","His speech was short but pithy, and everyone remembered his key points."
Ramification,"A consequence of an action or event, especially when complex or unwelcome.","The decision to close the factory had serious ramifications for the local community."
Sanctimonious,"Making a show of being morally superior to other people.","Her sanctimonious lectures about virtue were irritating to those who knew her true character."
Stymie,"Prevent or hinder the progress of.","Lack of funding threatened to stymie the research project."
Turbulent,"Characterized by conflict, disorder, or confusion; not controlled or calm.","The country experienced a turbulent period of political unrest."
Vacuous,"Having or showing a lack of thought or intelligence; mindless.","She gave a vacuous smile, clearly not understanding the question."
Whet,"Excite or stimulate (someone's desire, interest, or appetite).","The aroma from the kitchen began to whet his appetite."
Abject,"(Of something bad) experienced or present to the maximum degree; (of a person or their behavior) completely without pride or dignity.","They lived in abject poverty, with barely enough food to survive."
Bereft,"Deprived of or lacking something, especially a nonmaterial asset.","After his dog died, he felt completely bereft."
Daunting,"Seeming difficult to deal with in anticipation; intimidating.","The task of climbing Mount Everest is a daunting one."
Elucidate,"Make (something) clear; explain.","The professor tried to elucidate the complex theory with a simple analogy."
Fervor,"Intense and passionate feeling.","She spoke with great fervor about the need for social justice."
Grandiose,"Impressive and imposing in appearance or style, especially pretentiously so.","He had grandiose plans to build a castle, but no money to fund it."
Imminent,"About to happen.","The dark clouds suggested that a storm was imminent."
Indigenous,"Originating or occurring naturally in a particular place; native.","The museum showcased the art of indigenous cultures from around the world."
Lethargic,"Affected by lethargy; sluggish and apathetic.","The hot weather made everyone feel lethargic and unwilling to move."
Mollify,"Appease the anger or anxiety of (someone).","He tried to mollify his angry friend with an apology."
Nullify,"Make legally null and void; invalidate.","The court decided to nullify the previous ruling."
Ostensibly,"Apparently or purportedly, but perhaps not actually.","He called ostensibly to check on her, but he really wanted to ask for a favor."
Precocious,"(Of a child) having developed certain abilities or proclivities at an earlier age than usual.","The precocious child was reading chapter books at the age of four."
Rancor,"Bitterness or resentfulness, especially when long-standing.","There was still a great deal of rancor between the two feuding families."
Scrutinize,"Examine or inspect closely and thoroughly.","The detective continued to scrutinize the evidence for any missed clues."
Surreptitious,"Kept secret, especially because it would not be approved of.","She cast a surreptitious glance at the clock during the boring lecture."
Tenet,"A principle or belief, especially one of the main principles of a religion or philosophy.","One of the basic tenets of their faith is the importance of compassion."
Validate,"Check or prove the validity or accuracy of (something).","The experiment was designed to validate his hypothesis."
Wallow,"(Chiefly of large mammals) roll about or lie relaxed in mud or water, especially to keep cool, avoid biting insects, or spread scent. (Of a person) indulge in an unrestrained way in (something that creates a pleasurable sensation).","The hippos like to wallow in the cool mud on hot days."
Acrid,"Having an irritatingly strong and unpleasant taste or smell.","The acrid smoke from the burning tires filled the air."
Brusque,"Abrupt or offhand in speech or manner.","His brusque reply made it clear he didn't want to talk."
Circumspect,"Wary and unwilling to take risks.","She was very circumspect about investing her money in the new venture."
Disseminate,"Spread (something, especially information) widely.","The organization's goal is to disseminate information about sustainable living."
Erratic,"Not even or regular in pattern or movement; unpredictable.","His erratic behavior worried his friends and family."
Formidable,"Inspiring fear or respect through being impressively large, powerful, intense, or capable.","The opposing team was a formidable opponent, but they were determined to win."
Guile,"Sly or cunning intelligence.","He used his guile and charm to get what he wanted."
Imperturbable,"Unable to be upset or excited; calm.","Throughout the crisis, the captain remained imperturbable."
Inherent,"Existing in something as a permanent, essential, or characteristic attribute.","An inherent love of music seemed to run in their family."
Livid,"Furiously angry.","She was livid when she discovered he had lied to her."
Momentous,"(Of a decision, event, or change) of great importance or significance, especially in its bearing on the future.","The signing of the peace treaty was a momentous occasion."
Obtuse,"Annoyingly insensitive or slow to understand.","He was too obtuse to realize she was angry with him."
Perfunctory,"(Of an action or gesture) carried out with a minimum of effort or reflection.","He gave a perfunctory nod as he passed by, barely acknowledging her."
Prodigal,"Spending money or resources freely and recklessly; wastefully extravagant.","The prodigal son returned home after squandering his inheritance."
Replete,"Filled or well-supplied with something.","The book was replete with fascinating details and anecdotes."
Sobriety,"The state of being sober; seriousness.","The gravity of the situation called for sobriety and careful consideration."
Svelte,"Slender and elegant.","The actress looked svelte and glamorous in her evening gown."
Turgid,"Swollen and distended or congested; (of language or style) tediously pompous or bombastic.","The professor's turgid prose made his lectures difficult to endure."
Vanguard,"A group of people leading the way in new developments or ideas.","The innovative company was at the vanguard of technological advancement."
Winsome,"Attractive or appealing in appearance or character.","Her winsome smile charmed everyone she met."
Adversity,"Difficulties; misfortune.","She showed great courage in the face of adversity."
Beleaguer,"Lay siege to; beset with difficulties.","The small town was beleaguered by economic problems."
Cogent,"(Of an argument or case) clear, logical, and convincing.","She presented a cogent argument that persuaded the committee."
Dour,"Relentlessly severe, stern, or gloomy in manner or appearance.","The dour expression on his face never seemed to change."
Exonerate,"(Especially of an official body) absolve (someone) from blame for a fault or wrongdoing, especially after due consideration of the case.","The new evidence helped to exonerate the wrongly convicted man."
Fractious,"(Typically of children) irritable and quarrelsome. (Of a group or organization) difficult to control; unruly.","The fractious crowd grew louder and more agitated."
Hegemony,"Leadership or dominance, especially by one country or social group over others.","The nation sought regional hegemony through economic and military power."
Impervious,"Not allowing fluid to pass through; unable to be affected by.","The raincoat was made of material impervious to water."
Inscrutable,"Impossible to understand or interpret.","His expression was inscrutable, giving no clue to his thoughts."
Lackadaisical,"Lacking enthusiasm and determination; carelessly lazy.","His lackadaisical attitude towards his studies was concerning."
Malevolent,"Having or showing a wish to do evil to others.","The villain in the story had a malevolent gaze."
Nebula,"(Astronomy) A cloud of gas and dust in outer space, visible in the night sky either as an indistinct bright patch or as a dark silhouette against other luminous matter.","The telescope revealed the stunning colors of the distant nebula."
Opportune,"(Of a time) well-chosen or particularly favorable or appropriate.","He arrived at the most opportune moment to help them."
Palliative,"(Of a treatment or medicine) relieving pain or alleviating a problem without dealing with the underlying cause.","The medication was only palliative and did not cure the underlying disease."
Propensity,"An inclination or natural tendency to behave in a particular way.","He had a propensity for making witty remarks."
Resolute,"Admirably purposeful, determined, and unwavering.","She was resolute in her decision to pursue her dreams."
Somber,"Dark or dull in color or tone; gloomy.","The funeral was a somber occasion, marked by quiet reflection."
Stolid,"(Of a person) calm, dependable, and showing little emotion or animation.","The stolid farmer listened without expression as they explained the situation."
Tacit,"Understood or implied without being stated.","There was a tacit agreement between them that they would not discuss the sensitive topic."
Umbrage,"Offense or annoyance.","She took umbrage at his critical remarks about her work."
Waft,"Pass or cause to pass easily or gently through or as if through the air.","The delicious aroma of baking bread began to waft from the kitchen."
Abstruse,"Difficult to understand; obscure.","The professor's lecture on quantum physics was too abstruse for most of the students."
Affront,"An action or remark that causes outrage or offense.","His rude behavior was a direct affront to their hospitality."
Amalgamate,"Combine or unite to form one organization or structure.","The two small companies decided to amalgamate to better compete in the market."
Antithesis,"A person or thing that is the direct opposite of someone or something else.","Her calm demeanor was the antithesis of his excitable nature."
Assuage,"Make (an unpleasant feeling) less intense.","He tried to assuage her fears by reassuring her that everything would be alright."
Avarice,"Extreme greed for wealth or material gain.","His insatiable avarice led him to make unethical business decisions."
Candid,"Truthful and straightforward; frank.","She gave a candid interview, honestly discussing her struggles and successes."
Chicanery,"The use of trickery to achieve a political, financial, or legal purpose.","He was accused of using chicanery to win the election."
Corpulent,"(Of a person) fat.","The corpulent gentleman had a hearty laugh and a round belly."
Debilitate,"Make (someone) weak and infirm.","The long illness began to debilitate him, leaving him with little energy."
Disconcert,"Disturb the composure of; unsettle.","The unexpected news seemed to disconcert everyone in the room."
Docile,"Ready to accept control or instruction; submissive.","The normally docile dog suddenly started barking aggressively."
Eschew,"Deliberately avoid using; abstain from.","He chose to eschew traditional methods and try a new approach."
Exorbitant,"(Of a price or amount charged) unreasonably high.","The hotel charged an exorbitant price for a simple bottle of water."
Extol,"Praise enthusiastically.","The critic went on to extol the virtues of the young actor's performance."
Fervent,"Having or displaying a passionate intensity.","She was a fervent supporter of environmental protection."
Incongruous,"Not in harmony or keeping with the surroundings or other aspects of something.","The modern sculpture looked incongruous in the ancient courtyard."
Indomitable,"Impossible to subdue or defeat.","Despite facing many obstacles, her indomitable spirit never wavered."
Inexorable,"Impossible to stop or prevent.","The inexorable advance of technology continues to change our lives."
Insipid,"Lacking flavor; lacking vigor or interest.","The soup was insipid and tasteless."
Laudable,"(Of an action, idea, or goal) deserving praise and commendation.","Her efforts to help the homeless were truly laudable."
Lucrative,"Producing a great deal of profit.","He turned his hobby into a lucrative online business."
Mercurial,"(Of a person) subject to sudden or unpredictable changes of mood or mind.","Her mercurial temperament made it difficult to know how she would react."
Nominal,"(Of a role or status) existing in name only. (Of a price or charge) very small; far below the real value or cost.","He was the nominal head of the company, but his assistant made most of the decisions."
Obviate,"Remove (a need or difficulty).","Good planning can obviate many potential problems."
Ponderous,"Slow and clumsy because of great weight; (especially of speech or writing) dull, laborious, or excessively solemn.","The elephant moved with a ponderous grace."
Protract,"Prolong.","The negotiations were protracted for several weeks due to disagreements."
Rife,"(Especially of something undesirable or harmful) of common occurrence; widespread.","The city was rife with rumors about the upcoming election."
Solace,"Comfort or consolation in a time of distress or sadness.","She found solace in music after her friend moved away."
Stringent,"(Of regulations, requirements, or conditions) strict, precise, and exacting.","The factory had to meet stringent environmental standards."
Succinct,"(Especially of something written or spoken) briefly and clearly expressed.","Her instructions were succinct and easy to follow."
Superfluous,"Unnecessary, especially through being more than enough.","He removed all the superfluous details from his report."
Transcend,"Be or go beyond the range or limits of (something abstract, typically a conceptual field or division).","The beauty of the music seemed to transcend cultural boundaries."
Trenchant,"Vigorous or incisive in expression or style.","Her trenchant analysis cut straight to the heart of the matter."
Pulchritudinous,"Characterized by or having great physical beauty.","The ancient texts described the queen as pulchritudinous and wise."
Perspicacious,"Having a ready insight into and understanding of things.","The perspicacious detective quickly solved the seemingly complex case."
Equanimity,"Mental calmness, composure, and evenness of temper, especially in a difficult situation.","She faced the crisis with remarkable equanimity."
Proclivity,"A tendency to choose or do something regularly; an inclination or predisposition toward a particular thing.","He had a proclivity for interrupting others while they were speaking."
Exculpate,"Show or declare that (someone) is not guilty of wrongdoing.","The new evidence helped to exculpate the defendant from all charges."
Contrite,"Feeling or expressing remorse or penitence; affected by guilt.","The child looked contrite after admitting he had broken the vase."
Indefatigable,"(Of a person or their efforts) persisting tirelessly.","Her indefatigable efforts eventually led to the project's success."
Incorrigible,"(Of a person or their tendencies) not able to be corrected, improved, or reformed.","He was an incorrigible prankster, always getting into trouble."
Euphony,"The quality of being pleasing to the ear, especially through a harmonious combination of words.","The poet was praised for the euphony of his verse."
Panache,"Flamboyant confidence of style or manner.","He presented his ideas with great panache and enthusiasm."
Savoir-faire,"The ability to act or speak appropriately in social situations.","She handled the awkward situation with impressive savoir-faire."
Laissez-faire,"A policy or attitude of letting things take their own course, without interfering.","The government adopted a laissez-faire approach to the economy."
Debilitating, "A formal word used to describe things that seriously impair strength or the ability to function.","The class helped him conquer his debilitating fear of public speaking."